<?xml version="1.0" encoding="utf-8"?>
<cck type="joomla_category" version="3.0" folder="content">
	<author>Octopoos</author>
	<authorEmail>contact@seblod.com</authorEmail>
	<authorUrl>https://www.seblod.com</authorUrl>
	<copyright>Copyright (C) 2009 - 2016 SEBLOD. All Rights Reserved.</copyright>
	<license>GNU General Public License version 2 or later.</license>
	<description>SEBLOD 3.x - www.seblod.com</description>
	<joomla_category>
		<parent_id />
		<level />
		<lft />
		<rgt />
		<alias>cadastros-voluntario</alias>
		<id />
		<asset_id />
		<path>cadastros-voluntario</path>
		<extension>com_content</extension>
		<title>Cadastros Voluntário</title>
		<note />
		<description />
		<published>1</published>
		<checked_out>0</checked_out>
		<checked_out_time>0000-00-00 00:00:00</checked_out_time>
		<access>1</access>
		<params>{&quot;category_layout&quot;:&quot;&quot;,&quot;image&quot;:&quot;&quot;}</params>
		<metadesc />
		<metakey />
		<metadata>{&quot;author&quot;:&quot;&quot;,&quot;robots&quot;:&quot;&quot;}</metadata>
		<created_user_id />
		<created_time />
		<modified_user_id />
		<modified_time />
		<hits>0</hits>
		<language>*</language>
		<version />
	</joomla_category>
	<acl>{}</acl>
	<app>cadastros_voluntario</app>
</cck>