<?xml version="1.0" encoding="utf-8"?>
<cck type="types">
	<author>Octopoos</author>
	<authorEmail>contact@seblod.com</authorEmail>
	<authorUrl>https://www.seblod.com</authorUrl>
	<copyright>Copyright (C) 2009 - 2016 SEBLOD. All Rights Reserved.</copyright>
	<license>GNU General Public License version 2 or later.</license>
	<description>SEBLOD 3.x - www.seblod.com</description>
	<type>
		<id />
		<asset_id />
		<title>Cadastro de Horas</title>
		<name>cadastro_de_horas</name>
		<alias />
		<folder>cadastros_voluntario</folder>
		<template_admin>seb_one - cadastro_de_horas (admin)</template_admin>
		<template_site>seb_one - cadastro_de_horas (site)</template_site>
		<template_content>seb_one - cadastro_de_horas (content)</template_content>
		<template_intro>seb_one - cadastro_de_horas (intro)</template_intro>
		<description />
		<indexed>none</indexed>
		<published>1</published>
		<options_admin>{&quot;message_style&quot;:&quot;message&quot;,&quot;message&quot;:&quot;&quot;,&quot;data_integrity_excluded&quot;:&quot;&quot;,&quot;message_style_no_access&quot;:&quot;error&quot;,&quot;action_no_access&quot;:&quot;redirection&quot;,&quot;message_no_access&quot;:&quot;&quot;,&quot;redirection_url_no_access&quot;:&quot;index.php?option=com_users&amp;view=login&quot;,&quot;stages&quot;:&quot;1&quot;,&quot;validation_position&quot;:&quot;&quot;,&quot;validation_scroll&quot;:&quot;&quot;,&quot;validation_color&quot;:&quot;&quot;,&quot;validation_background_color&quot;:&quot;&quot;}</options_admin>
		<options_site>{&quot;message_style&quot;:&quot;message&quot;,&quot;redirection&quot;:&quot;current&quot;,&quot;message&quot;:&quot;&quot;,&quot;redirection_itemid&quot;:&quot;&quot;,&quot;redirection_url&quot;:&quot;&quot;,&quot;data_integrity_excluded&quot;:&quot;&quot;,&quot;show_form_title&quot;:&quot;1&quot;,&quot;tag_form_title&quot;:&quot;h1&quot;,&quot;class_form_title&quot;:&quot;&quot;,&quot;show_form_desc&quot;:&quot;1&quot;,&quot;message_style_no_access&quot;:&quot;error&quot;,&quot;action_no_access&quot;:&quot;redirection&quot;,&quot;message_no_access&quot;:&quot;&quot;,&quot;redirection_url_no_access&quot;:&quot;index.php?option=com_users&amp;view=login&quot;,&quot;stages&quot;:&quot;1&quot;,&quot;validation_position&quot;:&quot;&quot;,&quot;validation_scroll&quot;:&quot;&quot;,&quot;validation_color&quot;:&quot;&quot;,&quot;validation_background_color&quot;:&quot;&quot;}</options_site>
		<options_content>{&quot;title&quot;:&quot;&quot;,&quot;typo&quot;:&quot;1&quot;,&quot;sef&quot;:&quot;&quot;}</options_content>
		<options_intro>{&quot;title&quot;:&quot;&quot;,&quot;typo&quot;:&quot;1&quot;,&quot;sef&quot;:&quot;&quot;}</options_intro>
		<admin_form>0</admin_form>
		<location />
		<parent />
		<storage_location>free</storage_location>
		<stylesheets />
		<version>27</version>
		<checked_out>0</checked_out>
		<checked_out_time>0000-00-00 00:00:00</checked_out_time>
		<access>1</access>
		<created_date>2017-05-01 15:57:52</created_date>
		<created_user_id>355</created_user_id>
		<modified_date>2017-05-01 16:46:27</modified_date>
		<modified_user_id>355</modified_user_id>
	</type>
	<acl>{&quot;core.create&quot;:[],&quot;core.create.max.parent&quot;:{&quot;8&quot;:0},&quot;core.create.max.parent.author&quot;:{&quot;8&quot;:0},&quot;core.create.max.author&quot;:{&quot;8&quot;:0},&quot;core.delete&quot;:[],&quot;core.delete.own&quot;:[],&quot;core.edit&quot;:[],&quot;core.edit.own&quot;:[],&quot;core.edit.own.content&quot;:[],&quot;core.export&quot;:[],&quot;core.process&quot;:[]}</acl>
	<fields>
		<field1 client="admin" ordering="1" label="" variation="" variation_override="" required="" required_alert="" validation="" validation_options="" link="" link_options="" live="" live_options="" live_value="" markup="" markup_class="" typo="" typo_label="0" typo_options="" stage="0" access="1" restriction="" restriction_options="" computation="" computation_options="" conditional="" conditional_options="" position="mainbody">lista_de_eventos</field1>
		<field2 client="content" ordering="1" label="" variation="" variation_override="" required="" required_alert="" validation="" validation_options="" link="" link_options="" live="" live_options="" live_value="" markup="" markup_class="" typo="" typo_label="0" typo_options="" stage="0" access="1" restriction="" restriction_options="" computation="" computation_options="" conditional="" conditional_options="" position="mainbody">lista_de_eventos</field2>
		<field3 client="intro" ordering="1" label="" variation="" variation_override="" required="" required_alert="" validation="" validation_options="" link="" link_options="" live="" live_options="" live_value="" markup="" markup_class="" typo="" typo_label="0" typo_options="" stage="0" access="1" restriction="" restriction_options="" computation="" computation_options="" conditional="" conditional_options="" position="mainbody">lista_de_eventos</field3>
		<field4 client="intro" ordering="2" label="" variation="" variation_override="" required="" required_alert="" validation="" validation_options="" link="" link_options="" live="" live_options="" live_value="" markup="" markup_class="" typo="" typo_label="0" typo_options="" stage="0" access="1" restriction="" restriction_options="" computation="" computation_options="" conditional="" conditional_options="" position="mainbody">button_save</field4>
		<field5 client="intro" ordering="3" label="" variation="" variation_override="" required="" required_alert="" validation="" validation_options="" link="" link_options="" live="" live_options="" live_value="" markup="" markup_class="" typo="" typo_label="0" typo_options="" stage="0" access="1" restriction="" restriction_options="" computation="" computation_options="" conditional="" conditional_options="" position="mainbody">button_cancel</field5>
		<field6 client="site" ordering="1" label="" variation="" variation_override="" required="" required_alert="" validation="" validation_options="" link="" link_options="" live="" live_options="" live_value="" markup="" markup_class="" typo="" typo_label="0" typo_options="" stage="0" access="1" restriction="" restriction_options="" computation="" computation_options="" conditional="" conditional_options="" position="mainbody">lista_de_eventos</field6>
		<field7 client="site" ordering="2" label="" variation="" variation_override="" required="" required_alert="" validation="" validation_options="" link="" link_options="" live="" live_options="" live_value="" markup="" markup_class="" typo="" typo_label="0" typo_options="" stage="0" access="1" restriction="" restriction_options="" computation="" computation_options="" conditional="" conditional_options="" position="mainbody">button_save</field7>
		<field8 client="site" ordering="3" label="" variation="" variation_override="" required="" required_alert="" validation="" validation_options="" link="" link_options="" live="" live_options="" live_value="" markup="" markup_class="" typo="" typo_label="0" typo_options="" stage="0" access="1" restriction="" restriction_options="" computation="" computation_options="" conditional="" conditional_options="" position="mainbody">button_cancel</field8>
	</fields>
	<positions>
		<position1 client="admin" legend="" variation="" variation_options="" width="" height="" css="">clear</position1>
		<position2 client="admin" legend="" variation="" variation_options="" width="" height="" css="">mainbody</position2>
		<position3 client="content" legend="" variation="" variation_options="" width="" height="" css="">clear</position3>
		<position4 client="content" legend="" variation="" variation_options="" width="" height="" css="">mainbody</position4>
		<position5 client="intro" legend="" variation="" variation_options="" width="" height="" css="">clear</position5>
		<position6 client="intro" legend="" variation="" variation_options="" width="" height="" css="">mainbody</position6>
		<position7 client="site" legend="" variation="" variation_options="" width="" height="" css="">clear</position7>
		<position8 client="site" legend="" variation="" variation_options="" width="" height="" css="">mainbody</position8>
	</positions>
</cck>