<?xml version="1.0" encoding="utf-8"?>
<cck type="types">
	<author>Octopoos</author>
	<authorEmail>contact@seblod.com</authorEmail>
	<authorUrl>https://www.seblod.com</authorUrl>
	<copyright>Copyright (C) 2009 - 2016 SEBLOD. All Rights Reserved.</copyright>
	<license>GNU General Public License version 2 or later.</license>
	<description>SEBLOD 3.x - www.seblod.com</description>
	<type>
		<id />
		<asset_id />
		<title>Cadastro de Evento</title>
		<name>cadastro_de_evento</name>
		<alias />
		<folder>cadastros_voluntario</folder>
		<template_admin>seb_one - cadastro_de_evento (admin)</template_admin>
		<template_site>seb_one</template_site>
		<template_content>seb_one</template_content>
		<template_intro>seb_one</template_intro>
		<description />
		<indexed>none</indexed>
		<published>1</published>
		<options_admin>{&quot;message_style&quot;:&quot;message&quot;,&quot;message&quot;:&quot;&quot;,&quot;data_integrity_excluded&quot;:&quot;&quot;,&quot;message_style_no_access&quot;:&quot;error&quot;,&quot;action_no_access&quot;:&quot;redirection&quot;,&quot;message_no_access&quot;:&quot;&quot;,&quot;redirection_url_no_access&quot;:&quot;index.php?option=com_users&amp;view=login&quot;,&quot;stages&quot;:&quot;1&quot;,&quot;validation_position&quot;:&quot;&quot;,&quot;validation_scroll&quot;:&quot;&quot;,&quot;validation_color&quot;:&quot;&quot;,&quot;validation_background_color&quot;:&quot;&quot;}</options_admin>
		<options_site />
		<options_content />
		<options_intro />
		<admin_form>0</admin_form>
		<location />
		<parent />
		<storage_location>joomla_article</storage_location>
		<stylesheets />
		<version>1</version>
		<checked_out>0</checked_out>
		<checked_out_time>0000-00-00 00:00:00</checked_out_time>
		<access>3</access>
		<created_date>2017-05-01 15:58:22</created_date>
		<created_user_id>355</created_user_id>
		<modified_date>0000-00-00 00:00:00</modified_date>
		<modified_user_id>0</modified_user_id>
	</type>
	<acl>{&quot;core.create&quot;:[],&quot;core.create.max.parent&quot;:{&quot;8&quot;:0},&quot;core.create.max.parent.author&quot;:{&quot;8&quot;:0},&quot;core.create.max.author&quot;:{&quot;8&quot;:0},&quot;core.delete&quot;:[],&quot;core.delete.own&quot;:[],&quot;core.edit&quot;:[],&quot;core.edit.own&quot;:[],&quot;core.edit.own.content&quot;:[],&quot;core.export&quot;:[],&quot;core.process&quot;:[]}</acl>
	<fields />
	<positions>
		<position1 client="admin" legend="" variation="" variation_options="" width="" height="" css="">clear</position1>
	</positions>
</cck>